id,소속원문,업체명,기호,업체구분,인센티브,전달마커,소통채널,웹활용,직접접수,접수대행,유선접수전달,유선개통전달,무선개통전달,회신전달,계정수,대표아이디,연락처,상태,비고
1,0.영업정산,영업정산,0.,자점,N,,어드민,Y,N,N,N,N,N,N,36,rlftjdghks,010-2962-9936,활성,
2,1.시흥영업팀,시흥영업팀,1.,자점,N,,어드민,Y,N,N,N,N,N,N,56,ansrudals,010-2399-9367,활성,
3,2.천안영업팀,천안영업팀,2.,자점,N,,어드민,Y,N,N,N,N,N,N,23,rlaalstjr,010-5081-8161,활성,
4,3.부천영업팀(미사용),부천영업팀(미사용),3.,자점,N,,어드민,Y,N,N,N,N,N,N,6,qkrrhkddbs,,활성,
5,4.우신기술사업부,우신기술사업부,4.,자점,N,,어드민,Y,N,N,N,N,N,N,15,rlawotjd,,활성,
6,5.상권사업부,상권사업부,5.,자점,N,,어드민,Y,N,N,N,N,N,N,8,lightright,010-3345-2248,활성,
7,6.우성영업사업부,우성영업사업부,6.,자점,N,X,어드민,Y,N,N,N,N,N,N,15,rlaehddls,010-8689-8027,활성,
8,7.유통사업부,유통사업부,7.,자점,N,,어드민,Y,N,N,N,N,N,N,43,dnflthao,1,활성,
9,8.우신영업사업부,우신영업사업부,8.,자점,N,,어드민,Y,N,N,N,N,N,N,23,wjsrhksdn,010-8771-7526,활성,
10,9.모바일유통사업부,모바일유통사업부,9.,자점,N,,어드민,Y,N,N,N,N,N,N,3,dbqls3197,,활성,
11,■D&S모바일○,D&S모바일○,■,판매점,N,,카카오톡채널,N,N,Y,Y,Y,Y,Y,1,eldosdptm,,활성,
12,■HKT샵○,HKT샵○,■,판매점,N,,카카오톡채널,N,N,Y,Y,Y,Y,Y,1,hkttiq,,활성,
13,■SB플러스○,SB플러스○,■,판매점,N,,카카오톡채널,N,N,Y,Y,Y,Y,Y,1,sbvmffjtm,,활성,
14,■SH텔레콤(이태호)○,SH텔레콤(이태호)○,■,판매점,N,,카카오톡채널,N,N,Y,Y,Y,Y,Y,1,dlxogh,,활성,
15,■TS통신백화점○,TS통신백화점○,■,판매점,N,,카카오톡채널,N,N,Y,Y,Y,Y,Y,1,xldptmxhdtls,,활성,
16,■nan○,nan○,■,판매점,N,,카카오톡채널,N,N,Y,Y,Y,Y,Y,1,dosdpdldos,,활성,
17,■■JY정보통신●,JY정보통신,■■,판매점,N,O,카카오톡채널,Y,N,Y,Y,Y,Y,Y,1,jywjdqhxhdtls,010-2888-0062,활성,
18,■■김용민(장나리)○,김용민(장나리)○,■■,판매점,N,,카카오톡채널,N,N,Y,Y,Y,Y,Y,1,rrladydals,,활성,
19,■■넷퍼블릭○,넷퍼블릭○,■■,판매점,N,,카카오톡채널,N,N,Y,Y,Y,Y,Y,1,sptvjqmfflr,,활성,
20,■■뉴폰○,뉴폰○,■■,판매점,N,,카카오톡채널,N,N,Y,Y,Y,Y,Y,1,sbvhs,,활성,
21,■■다연컴퍼니○,다연컴퍼니○,■■,판매점,N,,카카오톡채널,N,N,Y,Y,Y,Y,Y,1,ekduszjavjsl,,활성,
22,■■다온모바일○,다온모바일○,■■,판매점,N,,카카오톡채널,N,N,Y,Y,Y,Y,Y,1,ekdhsahqkdlf,,활성,
23,■■더베이스●,더베이스,■■,판매점,N,,카카오톡채널,N,N,Y,Y,Y,Y,Y,2,ejqpdltmwlwja,,활성,
24,■■마젤●,마젤,■■,판매점,N,?,카카오톡채널,N,N,Y,Y,Y,Y,Y,1,akwpf,,활성,
25,■■바른드림○,바른드림○,■■,판매점,N,,카카오톡채널,N,N,Y,Y,Y,Y,Y,1,qkfmsemfla,,활성,
26,■■박성언(이은호_직원)○,박성언(이은호_직원)○,■■,판매점,N,,카카오톡채널,N,N,Y,Y,Y,Y,Y,1,qkrtjddjs,,활성,
27,■■보라네트워크(영웅)○,보라네트워크(영웅)○,■■,판매점,N,O,카카오톡채널,Y,N,Y,Y,Y,Y,Y,2,duddnd,010-4549-6840,활성,
28,■■삼은정보○,삼은정보○,■■,판매점,N,,카카오톡채널,N,N,Y,Y,Y,Y,Y,1,tkadmswjdqh,,활성,
29,■■성지마블○,성지마블○,■■,판매점,N,,카카오톡채널,N,N,Y,Y,Y,Y,Y,1,tjdwlakqmf,,활성,
30,■■솔솔○,솔솔○,■■,판매점,N,O,카카오톡채널,Y,N,Y,Y,Y,Y,Y,1,thfthf,010-9449-9448,활성,
31,■■신사임당○,신사임당○,■■,판매점,N,O,카카오톡채널,Y,N,Y,Y,Y,Y,Y,1,tlstkdlaekd,,활성,
32,■■신에이치엠○,신에이치엠○,■■,판매점,N,O,카카오톡채널,Y,N,Y,Y,Y,Y,Y,15,RHKRGHDUD,,활성,
33,■■에이앤비네트웍스○,에이앤비네트웍스○,■■,판매점,N,,카카오톡채널,N,N,Y,Y,Y,Y,Y,1,dpdldosql,,활성,
34,■■옆커폰○,옆커폰○,■■,판매점,N,,카카오톡채널,N,N,Y,Y,Y,Y,Y,112,rndnjfwja,010-8759-6569,활성,
35,■■오필준○,오필준○,■■,판매점,N,,카카오톡채널,N,N,Y,Y,Y,Y,Y,1,dhvlfwns,,활성,
36,■■와이즈모바일●,와이즈모바일,■■,판매점,N,O,카카오톡채널,Y,N,Y,Y,Y,Y,Y,1,dhkdlwm,,활성,
37,■■우리집렌탈○,우리집렌탈○,■■,판매점,N,O,카카오톡채널,Y,N,Y,Y,Y,Y,Y,2,poi098765,,활성,
38,■■이은호(나한민)○,이은호(나한민)○,■■,판매점,N,,카카오톡채널,N,N,Y,Y,Y,Y,Y,1,dlwlgus,,활성,
39,■■이의택(이은호_직원)○,이의택(이은호_직원)○,■■,판매점,N,,카카오톡채널,N,N,Y,Y,Y,Y,Y,1,dldmlxor,,활성,
40,■■제이드○,제이드○,■■,판매점,N,,카카오톡채널,N,N,Y,Y,Y,Y,Y,2,wpdlem1,,활성,
41,■■제이에스모바일(설탕텔레콤)○,제이에스모바일(설탕텔레콤)○,■■,판매점,N,,카카오톡채널,N,N,Y,Y,Y,Y,Y,1,wpdldptm,,활성,
42,■■주한통신○,주한통신○,■■,판매점,N,X,카카오톡채널,N,N,Y,Y,Y,Y,Y,1,wngksxhdtls,010-9109-3851,활성,
43,■■직폰○,직폰○,■■,판매점,N,,카카오톡채널,N,N,Y,Y,Y,Y,Y,3,wlrvhs4,,활성,
44,■■최옥현○,최옥현○,■■,판매점,N,,카카오톡채널,N,N,Y,Y,Y,Y,Y,1,chldhrgus,,활성,
45,■■코스모스통신○,코스모스통신○,■■,판매점,N,O,카카오톡채널,Y,N,Y,Y,Y,Y,Y,1,zhtmahtm,010-6610-1581,활성,
46,■■통신의신○,통신의신○,■■,판매점,N,O,카카오톡채널,Y,N,Y,Y,Y,Y,Y,1,xhdtlsdmltls,,활성,
47,■■폰샵○,폰샵○,■■,판매점,N,O,카카오톡채널,Y,N,Y,Y,Y,Y,Y,1,vhstiq,,활성,
48,■■휴먼네트웍스○,휴먼네트웍스○,■■,판매점,N,,카카오톡채널,N,N,Y,Y,Y,Y,Y,2,gbajs2,,활성,
49,■강동후니모바일○,강동후니모바일○,■,판매점,N,,카카오톡채널,N,N,Y,Y,Y,Y,Y,1,rkdehdgnsl,,활성,
50,■고재일○,고재일○,■,판매점,N,,카카오톡채널,N,N,Y,Y,Y,Y,Y,1,rhwodlf,,활성,
51,■골드라인○,골드라인○,■,판매점,N,,카카오톡채널,N,N,Y,Y,Y,Y,Y,1,rhfemfkdls,,활성,
52,■광통신○,광통신○,■,판매점,N,,카카오톡채널,N,N,Y,Y,Y,Y,Y,1,rhkdxhdtls91,,활성,
53,■구름모바일○,구름모바일○,■,판매점,N,,카카오톡채널,N,N,Y,Y,Y,Y,Y,1,rnfmaahqkdlf,,활성,
54,■굿뉴스○,굿뉴스○,■,판매점,N,,카카오톡채널,N,N,Y,Y,Y,Y,Y,1,rntsbtm,,활성,
55,■규봉모바일○,규봉모바일○,■,판매점,N,,카카오톡채널,N,N,Y,Y,Y,Y,Y,1,rbqhd,,활성,
56,■그린비텔레콤 중동점○,그린비텔레콤 중동점○,■,판매점,N,,카카오톡채널,N,N,Y,Y,Y,Y,Y,1,rmflsql,,활성,
57,■금오모바일○,금오모바일○,■,판매점,N,,카카오톡채널,N,N,Y,Y,Y,Y,Y,1,rmadhahqkdlf,,활성,
58,■금호통신○,금호통신○,■,판매점,N,,카카오톡채널,N,N,Y,Y,Y,Y,Y,1,rmaghxhdtls,,활성,
59,■길잡스○,길잡스○,■,판매점,N,,카카오톡채널,N,N,Y,Y,Y,Y,Y,1,rlfwkqtm,,활성,
60,■김성완○,김성완○,■,판매점,N,,카카오톡채널,N,N,Y,Y,Y,Y,Y,1,rlatjddhks,,활성,
61,■김용균○,김용균○,■,판매점,N,?,카카오톡채널,N,N,Y,Y,Y,Y,Y,1,rladydrbs,,활성,
62,■김유리○,김유리○,■,판매점,N,,카카오톡채널,N,N,Y,Y,Y,Y,Y,1,rladbfl,,활성,
63,■노마진통신○,노마진통신○,■,판매점,N,,카카오톡채널,N,N,Y,Y,Y,Y,Y,1,shakwls,,활성,
64,■누네띠네중고폰○,누네띠네중고폰○,■,판매점,N,,카카오톡채널,N,N,Y,Y,Y,Y,Y,1,cjsdksahqkdlf,,활성,
65,■다둥이통신○,다둥이통신○,■,판매점,N,,카카오톡채널,N,N,Y,Y,Y,Y,Y,1,ekenddl,,활성,
66,■다미통신○,다미통신○,■,판매점,N,,카카오톡채널,N,N,Y,Y,Y,Y,Y,1,ekalxhdtls,,활성,
67,■다쏜다 다산점○,다쏜다 다산점○,■,판매점,N,,카카오톡채널,N,N,Y,Y,Y,Y,Y,1,ektkswja,,활성,
68,■다쏜다 흥덕점○,다쏜다 흥덕점○,■,판매점,N,,카카오톡채널,N,N,Y,Y,Y,Y,Y,1,ekThsek,,활성,
69,■대박통신둔촌점○,대박통신둔촌점○,■,판매점,N,,카카오톡채널,N,N,Y,Y,Y,Y,Y,1,eoqkrxhdtls,,활성,
70,■대박폰요기요○,대박폰요기요○,■,판매점,N,,카카오톡채널,N,N,Y,Y,Y,Y,Y,1,eoqkrvhsdyrldy,010-8776-0000,활성,
71,■더마니드림○,더마니드림○,■,판매점,N,,카카오톡채널,N,N,Y,Y,Y,Y,Y,1,ejakslemfla,,활성,
72,■더젬○,더젬○,■,판매점,N,,카카오톡채널,N,N,Y,Y,Y,Y,Y,1,ejwpa,,활성,
73,■더폰컴퍼니○,더폰컴퍼니○,■,판매점,N,,카카오톡채널,N,N,Y,Y,Y,Y,Y,1,ejvhszjavjsl,,활성,
74,■도매폰센터용죽점○,도매폰센터용죽점○,■,판매점,N,,카카오톡채널,N,N,Y,Y,Y,Y,Y,1,ehaovhstpsxj,,활성,
75,■동행모바일○,동행모바일○,■,판매점,N,,카카오톡채널,N,N,Y,Y,Y,Y,Y,1,ehdgodahqkdlf,010-7355-7365,활성,
76,■두아빠통신○,두아빠통신○,■,판매점,N,,카카오톡채널,N,N,Y,Y,Y,Y,Y,1,endkQK,010-7584-2591,활성,
77,■둥이통신○,둥이통신○,■,판매점,N,,카카오톡채널,N,N,Y,Y,Y,Y,Y,1,enddlxhdtls,010-8833-5423,활성,
78,■드림마케팅○,드림마케팅○,■,판매점,N,,카카오톡채널,N,N,Y,Y,Y,Y,Y,1,emflaakzpxld,,활성,
79,■디엠씨○,디엠씨○,■,판매점,N,,카카오톡채널,N,N,Y,Y,Y,Y,Y,1,eldpaTl,010-2403-0010,활성,
80,■디텍○,디텍○,■,판매점,N,,카카오톡채널,N,N,Y,Y,Y,Y,Y,1,elxpr,010-2989-7727,활성,
81,■디프클린○,디프클린○,■,판매점,N,,카카오톡채널,N,N,Y,Y,Y,Y,Y,1,elvmzlffls,010-8411-2494,활성,
82,■딸부자통신○,딸부자통신○,■,판매점,N,,카카오톡채널,N,N,Y,Y,Y,Y,Y,1,EKfqnwk,010-9926-1088,활성,
83,■랜드씨앤씨○,랜드씨앤씨○,■,판매점,N,,카카오톡채널,N,N,Y,Y,Y,Y,Y,1,fpsem,,활성,
84,■럭키텔레콤○,럭키텔레콤○,■,판매점,N,,카카오톡채널,N,N,Y,Y,Y,Y,Y,1,fjrzlxpffpzha,010-9491-9647,활성,
85,■리더스모바일○,리더스모바일○,■,판매점,N,,카카오톡채널,N,N,Y,Y,Y,Y,Y,1,flejtmahqkdlf,010-6665-3578,활성,
86,■마루모바일○,마루모바일○,■,판매점,N,,카카오톡채널,N,N,Y,Y,Y,Y,Y,1,akfn,,활성,
87,■마이너이사○,마이너이사○,■,판매점,N,,카카오톡채널,N,N,Y,Y,Y,Y,Y,1,akdlsjdltk,,활성,
88,■명산모바일○,명산모바일○,■,판매점,N,,카카오톡채널,N,N,Y,Y,Y,Y,Y,1,audtksahqkdlf,,활성,
89,■명품텔레콤○,명품텔레콤○,■,판매점,N,,카카오톡채널,N,N,Y,Y,Y,Y,Y,1,audvna,010-5802-5024,활성,
90,■모두하우스○,모두하우스○,■,판매점,N,,카카오톡채널,N,N,Y,Y,Y,Y,Y,1,gkxodid,,활성,
91,■모바일MZ○,모바일MZ○,■,판매점,N,,카카오톡채널,N,N,Y,Y,Y,Y,Y,1,ahqkdlfmz,,활성,
92,■모바일플레너○,모바일플레너○,■,판매점,N,,카카오톡채널,N,N,Y,Y,Y,Y,Y,1,vmffpsj,,활성,
93,■문투넷○,문투넷○,■,판매점,N,,카카오톡채널,N,N,Y,Y,Y,Y,Y,1,ansxnspt,010-4157-9903,활성,
94,■미래정보통신○,미래정보통신○,■,판매점,N,,카카오톡채널,N,N,Y,Y,Y,Y,Y,1,alfowjdqh,,활성,
95,■미얀골○,미얀골○,■,판매점,N,,카카오톡채널,N,N,Y,Y,Y,Y,Y,1,aldisrhf,,활성,
96,■바른모바일○,바른모바일○,■,판매점,N,,카카오톡채널,N,N,Y,Y,Y,Y,Y,1,qkfmsahqkdlf,010-4894-7790,활성,
97,■박형준○,박형준○,■,판매점,N,,카카오톡채널,N,N,Y,Y,Y,Y,Y,1,qkrgudwns,,활성,
98,■보거스컴퍼니○,보거스컴퍼니○,■,판매점,N,,카카오톡채널,N,N,Y,Y,Y,Y,Y,1,qhrjtmzjavjsl,,활성,
99,■보담모바일○,보담모바일○,■,판매점,N,,카카오톡채널,N,N,Y,Y,Y,Y,Y,1,qhekaahqkdlf,,활성,
100,■보리모바일○,보리모바일○,■,판매점,N,,카카오톡채널,N,N,Y,Y,Y,Y,Y,1,qhflahqkdlf,010-5911-8227,활성,
101,■봄봄○,봄봄○,■,판매점,N,,카카오톡채널,N,N,Y,Y,Y,Y,Y,1,qhaqha,,활성,
102,■부엉폰 다산점○,부엉폰 다산점○,■,판매점,N,,카카오톡채널,N,N,Y,Y,Y,Y,Y,1,qndjdvhsektks,,활성,
103,■블루스카이○,블루스카이○,■,판매점,N,,카카오톡채널,N,N,Y,Y,Y,Y,Y,1,qmffntmzkdl,010-4490-5555,활성,
104,■비케이컴퍼니○,비케이컴퍼니○,■,판매점,N,,카카오톡채널,N,N,Y,Y,Y,Y,Y,1,whrudghk,,활성,
105,■뽑기○,뽑기○,■,판매점,N,,카카오톡채널,N,N,Y,Y,Y,Y,Y,1,qhqrl,,활성,
106,■서아컴퍼니○,서아컴퍼니○,■,판매점,N,,카카오톡채널,N,N,Y,Y,Y,Y,Y,1,tjdkzjavjsl,,활성,
107,■서아텔레콤○,서아텔레콤○,■,판매점,N,,카카오톡채널,N,N,Y,Y,Y,Y,Y,1,tjdkxpffpzha,,활성,
108,■서연통신○,서연통신○,■,판매점,N,,카카오톡채널,N,N,Y,Y,Y,Y,Y,1,tjdusxhdtls,,활성,
109,■서정철○,서정철○,■,판매점,N,,카카오톡채널,N,N,Y,Y,Y,Y,Y,1,tjwjdcjf,010-8480-7531,활성,
110,■성공폰○,성공폰○,■,판매점,N,,카카오톡채널,N,N,Y,Y,Y,Y,Y,1,tjdrhdvhs,,활성,
111,■세계로모바일○,세계로모바일○,■,판매점,N,,카카오톡채널,N,N,Y,Y,Y,Y,Y,1,tprpfh,,활성,
112,■세정텔레콤○,세정텔레콤○,■,판매점,N,,카카오톡채널,N,N,Y,Y,Y,Y,Y,1,tpwjdxpffpzha,,활성,
113,■솔모바일○,솔모바일○,■,판매점,N,,카카오톡채널,N,N,Y,Y,Y,Y,Y,1,thfahqkdlf,,활성,
114,■송원재○,송원재○,■,판매점,N,,카카오톡채널,N,N,Y,Y,Y,Y,Y,1,thddnjswo,010-6478-4189,활성,
115,■송원호○,송원호○,■,판매점,N,,카카오톡채널,N,N,Y,Y,Y,Y,Y,1,thddnjsgh,,활성,
116,■쇼예산○,쇼예산○,■,판매점,N,,카카오톡채널,N,N,Y,Y,Y,Y,Y,2,qkdeovy,,활성,
117,■수프라자○,수프라자○,■,판매점,N,,카카오톡채널,N,N,Y,Y,Y,Y,Y,1,tnvmfkwk,010-6780-1010,활성,
118,■순정정보통신○,순정정보통신○,■,판매점,N,,카카오톡채널,N,N,Y,Y,Y,Y,Y,1,tnswjd,,활성,
119,■스마트세이브(근검절약컴퍼니),스마트세이브(근검절약컴퍼니),■,판매점,N,,카카오톡채널,N,N,Y,Y,Y,Y,Y,1,rlaehdtls,010-4612-6090,활성,
120,■스마트텔레콤○,스마트텔레콤○,■,판매점,N,,카카오톡채널,N,N,Y,Y,Y,Y,Y,1,dhwngks,,활성,
121,■스마트통신○,스마트통신○,■,판매점,N,,카카오톡채널,N,N,Y,Y,Y,Y,Y,1,tmakxmxhdtls,010-7478-5523,활성,
122,■스마트패키지 ADT 공식대리점○,스마트패키지 ADT 공식대리점○,■,판매점,N,,카카오톡채널,N,N,Y,Y,Y,Y,Y,1,tmakxmvozlwl,,활성,
123,■스타○,스타○,■,판매점,N,,카카오톡채널,N,N,Y,Y,Y,Y,Y,1,tmxk,,활성,
124,■스타링크○,스타링크○,■,판매점,N,,카카오톡채널,N,N,Y,Y,Y,Y,Y,1,tmxkfldzm,010-9903-5493,활성,
125,■스피드작전점○,스피드작전점○,■,판매점,N,,카카오톡채널,N,N,Y,Y,Y,Y,Y,1,tmvlemwkrwjs,010-6290-6498,활성,
126,■신민수○,신민수○,■,판매점,N,,카카오톡채널,N,N,Y,Y,Y,Y,Y,1,tlsalstn,010-5446-9802,활성,
127,■신아이티정보통신○,신아이티정보통신○,■,판매점,N,,카카오톡채널,N,N,Y,Y,Y,Y,Y,1,tlsdkdlxl,,활성,
128,■신웅식○,신웅식○,■,판매점,N,,카카오톡채널,N,N,Y,Y,Y,Y,Y,1,tlsdndtlr,,활성,
129,■아마존○,아마존○,■,판매점,N,,카카오톡채널,N,N,Y,Y,Y,Y,Y,1,dkakwhs,,활성,
130,■아프리카중고폰○,아프리카중고폰○,■,판매점,N,,카카오톡채널,N,N,Y,Y,Y,Y,Y,1,dkvmflzk,,활성,
131,■안테나아이티○,안테나아이티○,■,판매점,N,,카카오톡채널,N,N,Y,Y,Y,Y,Y,2,dksxpsk,,활성,
132,■알뜰폰문의센터○,알뜰폰문의센터○,■,판매점,N,,카카오톡채널,N,N,Y,Y,Y,Y,Y,1,dkfEmfvhsans,,활성,
133,■알뜰폰패밀리세종점○,알뜰폰패밀리세종점○,■,판매점,N,,카카오톡채널,N,N,Y,Y,Y,Y,Y,1,dkfEMftpwhd,,활성,
134,■양정민○,양정민○,■,판매점,N,,카카오톡채널,N,N,Y,Y,Y,Y,Y,1,didwjdals,,활성,
135,■에드커넥션○,에드커넥션○,■,판매점,N,,카카오톡채널,N,N,Y,Y,Y,Y,Y,1,doemzjsprtus,,활성,
136,■에스엠포에버○,에스엠포에버○,■,판매점,N,,카카오톡채널,N,N,Y,Y,Y,Y,Y,1,dptmdpa,,활성,
137,■에스와이정보통신(리즈모바일)○,에스와이정보통신(리즈모바일)○,■,판매점,N,,카카오톡채널,N,N,Y,Y,Y,Y,Y,1,flwmahqkdlf,010-2001-0022,활성,
138,■에이치모바일○,에이치모바일○,■,판매점,N,,카카오톡채널,N,N,Y,Y,Y,Y,Y,1,dpdlclahqkdlf,,활성,
139,■에이치엘마켓○,에이치엘마켓○,■,판매점,N,,카카오톡채널,N,N,Y,Y,Y,Y,Y,1,dpdlcldpfakzpt,,활성,
140,■엔씨통신마북○,엔씨통신마북○,■,판매점,N,,카카오톡채널,N,N,Y,Y,Y,Y,Y,1,dpsTLxhdtls,,활성,
141,■엠비통신○,엠비통신○,■,판매점,N,,카카오톡채널,N,N,Y,Y,Y,Y,Y,1,dpaqlxhdtls,,활성,
142,■엠에스모바일○,엠에스모바일○,■,판매점,N,,카카오톡채널,N,N,Y,Y,Y,Y,Y,1,ms,,활성,
143,■엠티엠인터내셔널○,엠티엠인터내셔널○,■,판매점,N,,카카오톡채널,N,N,Y,Y,Y,Y,Y,1,dpaxldpa,,활성,
144,■영모바일○,영모바일○,■,판매점,N,,카카오톡채널,N,N,Y,Y,Y,Y,Y,1,dudahqkdlf,,활성,
145,■영미전자○,영미전자○,■,판매점,N,,카카오톡채널,N,N,Y,Y,Y,Y,Y,1,dudalwjswk,,활성,
146,■영종국제통신○,영종국제통신○,■,판매점,N,,카카오톡채널,N,N,Y,Y,Y,Y,Y,1,dudwhdrnrwp,,활성,
147,■영짱/YOUNG○,영짱/YOUNG○,■,판매점,N,,카카오톡채널,N,N,Y,Y,Y,Y,Y,1,dudWKd,,활성,
148,■예쓰통신○,예쓰통신○,■,판매점,N,,카카오톡채널,N,N,Y,Y,Y,Y,Y,1,dPTmxhdtls,,활성,
149,■옐로우빈○,옐로우빈○,■,판매점,N,,카카오톡채널,N,N,Y,Y,Y,Y,Y,1,dpffhdn,,활성,
150,■올플렉스○,올플렉스○,■,판매점,N,,카카오톡채널,N,N,Y,Y,Y,Y,Y,1,dhfvmffprtm,,활성,
151,■외대통신○,외대통신○,■,판매점,N,,카카오톡채널,N,N,Y,Y,Y,Y,Y,1,dhleoxhdtls,010-9400-3690,활성,
152,■워터웨이브○,워터웨이브○,■,판매점,N,,카카오톡채널,N,N,Y,Y,Y,Y,Y,1,dnjxjdnpdlqm,,활성,
153,■원모바일○,원모바일○,■,판매점,N,,카카오톡채널,N,N,Y,Y,Y,Y,Y,1,dnjsahqkdlf,,활성,
154,■웨이표○,웨이표○,■,판매점,N,?,카카오톡채널,N,N,Y,Y,Y,Y,Y,1,dnpdlvy,,활성,
155,■위브네트웍스○,위브네트웍스○,■,판매점,N,,카카오톡채널,N,N,Y,Y,Y,Y,Y,1,dnlqm,,활성,
156,■윈윈커뮤니티○,윈윈커뮤니티○,■,판매점,N,,카카오톡채널,N,N,Y,Y,Y,Y,Y,1,dnlsdnlszjab,,활성,
157,■유경석○,유경석○,■,판매점,N,,카카오톡채널,N,N,Y,Y,Y,Y,Y,1,dbrudtjr,,활성,
158,■유나통신○,유나통신○,■,판매점,N,,카카오톡채널,N,N,Y,Y,Y,Y,Y,1,dbskxhdtls,,활성,
159,■유디통신○,유디통신○,■,판매점,N,,카카오톡채널,N,N,Y,Y,Y,Y,Y,1,dbelxhdtls,,활성,
160,■윤모바일○,윤모바일○,■,판매점,N,,카카오톡채널,N,N,Y,Y,Y,Y,Y,1,dbsahqkdlf,,활성,
161,■윤텔레콤○,윤텔레콤○,■,판매점,N,,카카오톡채널,N,N,Y,Y,Y,Y,Y,1,dbsxpffpzha,,활성,
162,■은성통신○,은성통신○,■,판매점,N,,카카오톡채널,N,N,Y,Y,Y,Y,Y,1,dmstjd,,활성,
163,■이동연○,이동연○,■,판매점,N,,카카오톡채널,N,N,Y,Y,Y,Y,Y,1,dlehddus,,활성,
164,■이승일(사과나무)○,이승일(사과나무)○,■,판매점,N,,카카오톡채널,N,N,Y,Y,Y,Y,Y,1,dltmddlf,,활성,
165,■이안모바일○,이안모바일○,■,판매점,N,,카카오톡채널,N,N,Y,Y,Y,Y,Y,1,dldksahqkdlf,,활성,
166,■이주훈○,이주훈○,■,판매점,N,,카카오톡채널,N,N,Y,Y,Y,Y,Y,1,dlwngns,,활성,
167,■이찬호○,이찬호○,■,판매점,N,,카카오톡채널,N,N,Y,Y,Y,Y,Y,1,dlcksgh,,활성,
168,■이티컴퍼니○,이티컴퍼니○,■,판매점,N,,카카오톡채널,N,N,Y,Y,Y,Y,Y,1,etcompany,,활성,
169,■이형덕○,이형덕○,■,판매점,N,,카카오톡채널,N,N,Y,Y,Y,Y,Y,1,dlgudejr,,활성,
170,■인천 휴대폰성지 도지폰○,인천 휴대폰성지 도지폰○,■,판매점,N,,카카오톡채널,N,N,Y,Y,Y,Y,Y,1,ehwlvhs,,활성,
171,■인터넷월드○,인터넷월드○,■,판매점,N,,카카오톡채널,N,N,Y,Y,Y,Y,Y,1,dlsxjsptdnjfem,,활성,
172,■인터뱅크○,인터뱅크○,■,판매점,N,,카카오톡채널,N,N,Y,Y,Y,Y,Y,1,dlsxjqodzm,,활성,
173,■일이팔○,일이팔○,■,판매점,N,,카카오톡채널,N,N,Y,Y,Y,Y,Y,1,dlfdlvkf,,활성,
174,■장군폰○,장군폰○,■,판매점,N,,카카오톡채널,N,N,Y,Y,Y,Y,Y,1,wkdrnsvhs,,활성,
175,■정결한청소○,정결한청소○,■,판매점,N,,카카오톡채널,N,N,Y,Y,Y,Y,Y,1,wjdrufgks,,활성,
176,■정상텔레콤○,정상텔레콤○,■,판매점,N,,카카오톡채널,N,N,Y,Y,Y,Y,Y,1,rkddlsrnjs,,활성,
177,■정직한모바일○,정직한모바일○,■,판매점,N,,카카오톡채널,N,N,Y,Y,Y,Y,Y,1,wjdwlrgks,,활성,
178,■정향숙○,정향숙○,■,판매점,N,,카카오톡채널,N,N,Y,Y,Y,Y,Y,1,wjdgidtnr,,활성,
179,■제이알모바일○,제이알모바일○,■,판매점,N,,카카오톡채널,N,N,Y,Y,Y,Y,Y,1,wpdldkf,,활성,
180,■제이엠○,제이엠○,■,판매점,N,,카카오톡채널,N,N,Y,Y,Y,Y,Y,1,dhkdlwpdltl,,활성,
181,■제이제이통신○,제이제이통신○,■,판매점,N,,카카오톡채널,N,N,Y,Y,Y,Y,Y,1,wpdlwpdl,,활성,
182,■제이투모바일○,제이투모바일○,■,판매점,N,,카카오톡채널,N,N,Y,Y,Y,Y,Y,1,wpdlxnahqkdlf,,활성,
183,■조선컴퍼니○,조선컴퍼니○,■,판매점,N,,카카오톡채널,N,N,Y,Y,Y,Y,Y,1,whtjszjavjsl,,활성,
184,■주노텔레콤○,주노텔레콤○,■,판매점,N,,카카오톡채널,N,N,Y,Y,Y,Y,Y,1,wnshxpffpzha,,활성,
185,■지교정릉○,지교정릉○,■,판매점,N,,카카오톡채널,N,N,Y,Y,Y,Y,Y,1,wlrywjdfmd,,활성,
186,■지에스지 주식회사○,지에스지 주식회사○,■,판매점,N,,카카오톡채널,N,N,Y,Y,Y,Y,Y,1,wldptmwl,,활성,
187,■착한휴대폰○,착한휴대폰○,■,판매점,N,,카카오톡채널,N,N,Y,Y,Y,Y,Y,1,ckrgksgbeovhs,,활성,
188,■청년모바일○,청년모바일○,■,판매점,N,,카카오톡채널,N,N,Y,Y,Y,Y,Y,1,cjdsusahqkdlf,,활성,
189,■청담정보통신○,청담정보통신○,■,판매점,N,,카카오톡채널,N,N,Y,Y,Y,Y,Y,1,cjdekawjdqh,,활성,
190,■청아모바일○,청아모바일○,■,판매점,N,,카카오톡채널,N,N,Y,Y,Y,Y,Y,1,cjddk,,활성,
191,■총각네텔레콤○,총각네텔레콤○,■,판매점,N,,카카오톡채널,N,N,Y,Y,Y,Y,Y,1,chdrkrspxpffp,,활성,
192,■케이스토어 권선시장점○,케이스토어 권선시장점○,■,판매점,N,,카카오톡채널,N,N,Y,Y,Y,Y,Y,1,rnjstjstlwkd,,활성,
193,■케이스토어 권선점○,케이스토어 권선점○,■,판매점,N,,카카오톡채널,N,N,Y,Y,Y,Y,Y,1,rnjstjswja,,활성,
194,■케이스토어 세류점○,케이스토어 세류점○,■,판매점,N,,카카오톡채널,N,N,Y,Y,Y,Y,Y,1,zpdltmxhdj,,활성,
195,■코코모바일,코코모바일,■,판매점,N,,카카오톡채널,N,N,Y,Y,Y,Y,Y,1,zhzhahqkdlf,,활성,
196,■크라운모바일○,크라운모바일○,■,판매점,N,,카카오톡채널,N,N,Y,Y,Y,Y,Y,1,zmfkdnsahqk,,활성,
197,■택하다○,택하다○,■,판매점,N,,카카오톡채널,N,N,Y,Y,Y,Y,Y,1,xorgkek,,활성,
198,■통신사기119○,통신사기119○,■,판매점,N,,카카오톡채널,N,N,Y,Y,Y,Y,Y,1,tongsin119,,활성,
199,■통큰휴대폰○,통큰휴대폰○,■,판매점,N,,카카오톡채널,N,N,Y,Y,Y,Y,Y,1,xhdzmsgbeovhs,,활성,
200,■퍼드림모바일○,퍼드림모바일○,■,판매점,N,,카카오톡채널,N,N,Y,Y,Y,Y,Y,1,vjemfla,,활성,
201,■퍼펙트키or현주친구○,퍼펙트키or현주친구○,■,판매점,N,,카카오톡채널,N,N,Y,Y,Y,Y,Y,2,vjvprxmzl1,,활성,
202,■펀모바일○,펀모바일○,■,판매점,N,,카카오톡채널,N,N,Y,Y,Y,Y,Y,1,vjsahqkdlf,,활성,
203,■폰닥터○,폰닥터○,■,판매점,N,,카카오톡채널,N,N,Y,Y,Y,Y,Y,1,qkrdmstjd,,활성,
204,■폰달인○,폰달인○,■,판매점,N,,카카오톡채널,N,N,Y,Y,Y,Y,Y,1,vhsekfdls,010-6666-1654,활성,
205,■폰메이트○,폰메이트○,■,판매점,N,?,카카오톡채널,N,N,Y,Y,Y,Y,Y,1,apdlxm,,활성,
206,■폰스토리_가정점○,폰스토리_가정점○,■,판매점,N,,카카오톡채널,N,N,Y,Y,Y,Y,Y,1,rkwjdwja,,활성,
207,■폰스토리_여주점○,폰스토리_여주점○,■,판매점,N,,카카오톡채널,N,N,Y,Y,Y,Y,Y,1,vhstmxhfl,,활성,
208,■폰스토리_청라점○,폰스토리_청라점○,■,판매점,N,,카카오톡채널,N,N,Y,Y,Y,Y,Y,1,vhstmghfflr,,활성,
209,■폰앤폰○,폰앤폰○,■,판매점,N,,카카오톡채널,N,N,Y,Y,Y,Y,Y,1,vhsdosvhs,,활성,
210,■폰찍좌 4호점○,폰찍좌 4호점○,■,판매점,N,,카카오톡채널,N,N,Y,Y,Y,Y,Y,1,rlawndhks,,활성,
211,■폰찍좌6호점○,폰찍좌6호점○,■,판매점,N,,카카오톡채널,N,N,Y,Y,Y,Y,Y,1,vhsWlrwhk6gh,,활성,
212,■폰창고○,폰창고○,■,판매점,N,,카카오톡채널,N,N,Y,Y,Y,Y,Y,1,vhsckdrh,,활성,
213,■폰포유2○,폰포유2○,■,판매점,N,,카카오톡채널,N,N,Y,Y,Y,Y,Y,1,vhsvhdb,,활성,
214,■폰플러스_전북○,폰플러스_전북○,■,판매점,N,,카카오톡채널,N,N,Y,Y,Y,Y,Y,1,vhsvmffjtm,,활성,
215,■폰필모바일○,폰필모바일○,■,판매점,N,,카카오톡채널,N,N,Y,Y,Y,Y,Y,1,vhsvlfahqkdlf,,활성,
216,■폼○,폼○,■,판매점,N,,카카오톡채널,N,N,Y,Y,Y,Y,Y,1,dldbstj,010-3059-1171,활성,
217,■프로모바일○,프로모바일○,■,판매점,N,,카카오톡채널,N,N,Y,Y,Y,Y,Y,1,vmfhahqkdlf,,활성,
218,■프린스통신○,프린스통신○,■,판매점,N,,카카오톡채널,N,N,Y,Y,Y,Y,Y,1,vmflstmxhdtls,,활성,
219,■피오피정보통신○,피오피정보통신○,■,판매점,N,,카카오톡채널,N,N,Y,Y,Y,Y,Y,1,vldhvlwjdqh,,활성,
220,■피치라이언○,피치라이언○,■,판매점,N,,카카오톡채널,N,N,Y,Y,Y,Y,Y,1,vlclfkdldjs,,활성,
221,■하냥모바일○,하냥모바일○,■,판매점,N,,카카오톡채널,N,N,Y,Y,Y,Y,Y,1,gksid,,활성,
222,■하니텔레콤○,하니텔레콤○,■,판매점,N,,카카오톡채널,N,N,Y,Y,Y,Y,Y,1,gkslxpffpzha,,활성,
223,■하온정보○,하온정보○,■,판매점,N,,카카오톡채널,N,N,Y,Y,Y,Y,Y,1,gkdhswjdqh,,활성,
224,■한국통신(별악)○,한국통신(별악)○,■,판매점,N,,카카오톡채널,N,N,Y,Y,Y,Y,Y,1,gksrnrxhdtls,,활성,
225,■한별통신○,한별통신○,■,판매점,N,,카카오톡채널,N,N,Y,Y,Y,Y,Y,1,gksquf,010-2892-0040,활성,
226,■한솔통신○,한솔통신○,■,판매점,N,,카카오톡채널,N,N,Y,Y,Y,Y,Y,1,gksthfxhdtls,,활성,
227,■한조무역○,한조무역○,■,판매점,N,,카카오톡채널,N,N,Y,Y,Y,Y,Y,1,gkswhandur,,활성,
228,■행복한남매통신○,행복한남매통신○,■,판매점,N,,카카오톡채널,N,N,Y,Y,Y,Y,Y,1,godqhrgks,,활성,
229,■헬로정보통신○,헬로정보통신○,■,판매점,N,,카카오톡채널,N,N,Y,Y,Y,Y,Y,1,gpffhwjdqh,,활성,
230,■현대컴퍼니○,현대컴퍼니○,■,판매점,N,,카카오톡채널,N,N,Y,Y,Y,Y,Y,1,guseozjavjsl,,활성,
231,■호매실꽁폰○,호매실꽁폰○,■,판매점,N,,카카오톡채널,N,N,Y,Y,Y,Y,Y,1,ghaotlf,,활성,
232,■호원에이치모바일○,호원에이치모바일○,■,판매점,N,,카카오톡채널,N,N,Y,Y,Y,Y,Y,1,ghdnjsdpdlcl,,활성,
233,■홀릭마켓○,홀릭마켓○,■,판매점,N,,카카오톡채널,N,N,Y,Y,Y,Y,Y,1,ghfflrakzpt,1,활성,
234,■홈인테리어○,홈인테리어○,■,판매점,N,,카카오톡채널,N,N,Y,Y,Y,Y,Y,1,ghadlsxpfldj,,활성,
235,■황소모바일○,황소모바일○,■,판매점,N,,카카오톡채널,N,N,Y,Y,Y,Y,Y,1,ghkdthahqkdlf,,활성,
236,■후모바일○,후모바일○,■,판매점,N,X,카카오톡채널,N,N,Y,Y,Y,Y,Y,1,gnahqkdlf,,활성,
237,■휴대폰11번가○,휴대폰11번가○,■,판매점,N,,카카오톡채널,N,N,Y,Y,Y,Y,Y,1,gbeovhs11qjsrk,,활성,
238,■휴대폰멀티샵 두정점○,휴대폰멀티샵 두정점○,■,판매점,N,,카카오톡채널,N,N,Y,Y,Y,Y,Y,1,enwjdwja,,활성,
239,■휴대폰박사○,휴대폰박사○,■,판매점,N,,카카오톡채널,N,N,Y,Y,Y,Y,Y,1,gbeovhsqkrtk,,활성,
240,■휴대폰성지 부엉폰 봉담점,휴대폰성지 부엉폰 봉담점,■,판매점,N,,카카오톡채널,N,N,Y,Y,Y,Y,Y,1,qndjdvhsqhdeka,,활성,
241,■휴대폰성지SYH○,휴대폰성지SYH○,■,판매점,N,,카카오톡채널,N,N,Y,Y,Y,Y,Y,1,tjdwlsyh,,활성,
242,■휴대폰성지판다폰송도점○,휴대폰성지판다폰송도점○,■,판매점,N,,카카오톡채널,N,N,Y,Y,Y,Y,Y,1,qldptm,010-5694-9456,활성,
243,■휴대폰아울렛○,휴대폰아울렛○,■,판매점,N,,카카오톡채널,N,N,Y,Y,Y,Y,Y,1,hpdkdnffpt,010-5833-2767,활성,
244,■휴대폰지식인○,휴대폰지식인○,■,판매점,N,X,카카오톡채널,N,N,Y,Y,Y,Y,Y,1,gbeovhswltlr,,활성,
245,□□대도종합통신○,대도종합통신○,□□,판매점,N,,카카오톡채널,N,N,Y,Y,Y,Y,Y,1,eoeh,,활성,
246,□구로원정보통신○,구로원정보통신○,□,판매점,N,,카카오톡채널,N,N,Y,Y,Y,Y,Y,1,rnfhdnjs,,활성,
247,□그린정보통신○,그린정보통신○,□,판매점,N,,카카오톡채널,N,N,Y,Y,Y,Y,Y,1,rmflswjdqh,010-4001-4777,활성,
248,□아이러브휴대폰○,아이러브휴대폰○,□,판매점,N,,카카오톡채널,N,N,Y,Y,Y,Y,Y,1,dkdlfjqm,01023939570,활성,
249,□엘림스튜디오○,엘림스튜디오○,□,판매점,N,,카카오톡채널,N,N,Y,Y,Y,Y,Y,1,dpfflatmxbeldh,,활성,
250,□피시사구팔구닷컴○,피시사구팔구닷컴○,□,판매점,N,,카카오톡채널,N,N,Y,Y,Y,Y,Y,1,vltltkrnvkfrn,,활성,
251,□화인테크○,화인테크○,□,판매점,N,,카카오톡채널,N,N,Y,Y,Y,Y,Y,1,ghkdlsxpzm,,활성,
252,◆◆온길○,온길○,◆◆,협력점,Y,X,카카오톡단체방,Y,,N,N,N,Y,N,1,dhsrlf,,활성,
253,◆◆온모바일○,온모바일○,◆◆,협력점,Y,X,카카오톡단체방,Y,,N,N,N,Y,N,1,dhsahqkdlf,,활성,
254,●우주커넥트○,우주커넥트○,●,자점,N,,어드민,Y,N,N,N,N,N,N,21,yoonshop,010-9970-8982,활성,
255,●케이티텔레캅 충북지사,케이티텔레캅 충북지사,●,자점,N,,어드민,Y,N,N,N,N,N,N,1,rlatmdqja,,활성,
256,●패스앤슈팅,패스앤슈팅,●,자점,N,,어드민,Y,N,N,N,N,N,N,1,zlaos,,활성,
257,★CS프로●,CS프로,★,협력점,N,X,카카오톡단체방,Y,,N,N,N,Y,N,9,CSVMFH8,,활성,
258,★★AH네트웍스●,AH네트웍스,★★,협력점,N,O,카카오톡단체방,N,,Y,Y,Y,Y,Y,1,ahspxmdnjrtm,,활성,
259,★★BCY●,BCY,★★,협력점,N,X,카카오톡단체방,Y,,N,N,N,Y,N,22,tmakdlffldzm11,1,활성,
260,★★ES정보통신●,ES정보통신,★★,협력점,N,O,카카오톡단체방,N,,Y,Y,Y,Y,Y,1,eswjdqhxhdtls,,활성,
261,★★JB인터넷○,JB인터넷○,★★,협력점,N,X,카카오톡단체방,Y,,N,N,N,Y,N,1,jbdlsxjspt,,활성,
262,★★KJ네트웍스●,KJ네트웍스,★★,협력점,N,X,카카오톡단체방,Y,,N,N,N,Y,N,1,kjspxmdnjrtm,010-9234-4242,활성,
263,★★KTNS(케이티앤에스)○,KTNS(케이티앤에스)○,★★,협력점,N,O,카카오톡단체방,N,,Y,Y,Y,Y,Y,1,zpdlxldosdptm,010-9768-1633,활성,
264,★★MCC네트월드●,MCC네트월드,★★,협력점,N,,카카오톡단체방,,,,,,Y,,1,mccspxmdnjfem,,보류,
265,★★가즈아통신(HuiH통신)●,가즈아통신(HuiH통신),★★,협력점,N,O,카카오톡단체방,N,,Y,Y,Y,Y,Y,1,rkwmdk,1833-4612,활성,
266,★★갈마통신●,갈마통신,★★,협력점,N,O,카카오톡단체방,N,,Y,Y,Y,Y,Y,1,rkfakxhdtls,,활성,
267,★★권은혜 팀장님●,권은혜 팀장님,★★,협력점,N,O,카카오톡단체방,N,,Y,Y,Y,Y,Y,1,rnjsdmsgp,,활성,
268,★★금아●,금아,★★,협력점,N,O,카카오톡단체방,N,,Y,Y,Y,Y,Y,1,rmadk,,활성,
269,★★기가몬스터●,기가몬스터,★★,협력점,N,O,카카오톡단체방,N,,Y,Y,Y,Y,Y,1,rlrkahstmxj,,활성,
270,★★기가요●,기가요,★★,협력점,N,O,카카오톡단체방,N,,Y,Y,Y,Y,Y,1,rlrkdy,,활성,
271,★★기가토피아●,기가토피아,★★,협력점,N,O,카카오톡단체방,N,,Y,Y,Y,Y,Y,1,rlrkxhvldk,,활성,
272,★★기가통신○,기가통신○,★★,협력점,N,,카카오톡단체방,,,,,,Y,,1,rlrkxhdtls,,보류,
273,★★기산통신●,기산통신,★★,협력점,N,O,카카오톡단체방,N,,Y,Y,Y,Y,Y,1,rltksxhdtls,010-4292-7910,활성,
274,★★김선민팀장(강서)○,김선민팀장(강서)○,★★,협력점,N,O,카카오톡단체방,N,,Y,Y,Y,Y,Y,1,rlatjsals,,활성,
275,★★김옥희팀장님●,김옥희팀장님,★★,협력점,N,O,카카오톡단체방,N,,Y,Y,Y,Y,Y,1,rladhrgml,,활성,
276,★★김지연팀장님●,김지연팀장님,★★,협력점,N,O,카카오톡단체방,N,,Y,Y,Y,Y,Y,1,rlawldus,,활성,
277,★★김해경부장님●,김해경부장님,★★,협력점,N,X,카카오톡단체방,Y,,N,N,N,Y,N,1,kk1498,,활성,
278,★★김형석차장님●,김형석차장님,★★,협력점,N,,카카오톡단체방,,,,,,Y,,1,rlagudtjr,,보류,
279,★★나눔드림○,나눔드림○,★★,협력점,N,X,카카오톡단체방,Y,,N,N,N,Y,N,2,nanumdream,,활성,
280,★★네오●,네오,★★,협력점,N,X,카카오톡단체방,Y,,N,N,N,Y,N,1,spdh,,활성,
281,★★네클○,네클○,★★,협력점,N,?,카카오톡단체방,,,,,,Y,,1,spzmf,11,보류,
282,★★누리통신●,누리통신,★★,협력점,N,O,카카오톡단체방,N,,Y,Y,Y,Y,Y,1,snflxhdtls,,활성,
283,★★뉴젠●,뉴젠,★★,협력점,N,?,카카오톡단체방,,,,,,Y,,1,sbwps,,보류,
284,★★다드림(김성재)○,다드림(김성재)○,★★,협력점,N,O,카카오톡단체방,N,,Y,Y,Y,Y,Y,1,rlatjdwo,,활성,
285,★★다모아○,다모아○,★★,협력점,N,X,카카오톡단체방,Y,,N,N,N,Y,N,1,ekahdk,,활성,
286,★★다성●,다성,★★,협력점,N,O,카카오톡단체방,N,,Y,Y,Y,Y,Y,2,ektjd1,,활성,
287,★★다온홈시스○,다온홈시스○,★★,협력점,N,O,카카오톡단체방,N,,Y,Y,Y,Y,Y,1,ekdhsghatltm,,활성,
288,★★다은정보●,다은정보,★★,협력점,N,O,카카오톡단체방,N,,Y,Y,Y,Y,Y,1,ekdmswjdqh,16880277,활성,
289,★★당일민족○,당일민족○,★★,협력점,N,O,카카오톡단체방,N,,Y,Y,Y,Y,Y,1,ekddlfalswhr,,활성,
290,★★더드림인터넷●,더드림인터넷,★★,협력점,N,X,카카오톡단체방,Y,,N,N,N,Y,N,1,ejemfla,,활성,
291,★★더원컴퍼니○,더원컴퍼니○,★★,협력점,N,O,카카오톡단체방,N,,Y,Y,Y,Y,Y,2,ejdnjszjavjsl1,,활성,
292,★★더좋은인터넷●,더좋은인터넷,★★,협력점,N,O,카카오톡단체방,N,,Y,Y,Y,Y,Y,1,ejwhgdms,,활성,
293,★★도매폰고양점○,도매폰고양점○,★★,협력점,N,O,카카오톡단체방,N,,Y,Y,Y,Y,Y,1,wjscksgh,,활성,
294,★★도매폰금릉점○,도매폰금릉점○,★★,협력점,N,O,카카오톡단체방,N,,Y,Y,Y,Y,Y,1,tjfdmsxo,,활성,
295,★★도매폰금촌점○,도매폰금촌점○,★★,협력점,N,O,카카오톡단체방,N,,Y,Y,Y,Y,Y,1,ghkddlsdn,,활성,
296,★★도매폰백마점○,도매폰백마점○,★★,협력점,N,O,카카오톡단체방,N,,Y,Y,Y,Y,Y,1,chlckdrms,,활성,
297,★★도매폰장현장곡점○,도매폰장현장곡점○,★★,협력점,N,X,카카오톡단체방,Y,,N,N,N,Y,N,1,sunkiss1,,활성,
298,★★도매폰탄현점○,도매폰탄현점○,★★,협력점,N,O,카카오톡단체방,N,,Y,Y,Y,Y,Y,1,qkreogh,,활성,
299,★★도매폰황소점○,도매폰황소점○,★★,협력점,N,O,카카오톡단체방,N,,Y,Y,Y,Y,Y,1,wjddlsdn,,활성,
300,★★돈마니인터넷●,돈마니인터넷,★★,협력점,N,,카카오톡단체방,,,,,,Y,,1,kyc411,,보류,
301,★★돈큐이노베이션(DQ)●,돈큐이노베이션(DQ),★★,협력점,N,?,카카오톡단체방,,,,,,Y,,1,leebarun,,보류,
302,★★드림○,드림○,★★,협력점,N,X,카카오톡단체방,Y,,N,N,N,Y,N,1,rty999,,활성,
303,★★딜러스●,딜러스,★★,협력점,N,O,카카오톡단체방,N,,Y,Y,Y,Y,Y,1,elffjtm,,활성,
304,★★또넷트워크●,또넷트워크,★★,협력점,N,X,카카오톡단체방,Y,,N,N,N,Y,N,1,Ehsptxmdnjzm,,활성,
305,★★뜬뜬통신●,뜬뜬통신,★★,협력점,N,?,카카오톡단체방,,,,,,Y,,1,EmsEmsxhdtls,,보류,
306,★★라온●,라온,★★,협력점,N,,카카오톡단체방,,,,,,Y,,1,theraon,,보류,
307,★★로또369●,로또369,★★,협력점,N,,카카오톡단체방,,,,,,Y,,1,fhEh369,,보류,
308,★★마루나○,마루나○,★★,협력점,N,O,카카오톡단체방,N,,Y,Y,Y,Y,Y,1,akfnsk,1,활성,
309,★★마징가모바일샵●,마징가모바일샵,★★,협력점,N,?,카카오톡단체방,,,,,,Y,,1,akwldrkahqkdlf,,보류,
310,★★맨투맨솔루션●,맨투맨솔루션,★★,협력점,N,X,카카오톡단체방,Y,,N,N,N,Y,N,1,aosxnaosthffn,010-9923-8228,활성,
311,★★메타정보○,메타정보○,★★,협력점,N,O,카카오톡단체방,N,,Y,Y,Y,Y,Y,1,oasis,,활성,
312,★★모두드림●,모두드림,★★,협력점,N,O,카카오톡단체방,N,,Y,Y,Y,Y,Y,1,ahenemfla,,활성,
313,★★모바인●,모바인,★★,협력점,N,?,카카오톡단체방,,,,,,Y,,1,ahqkdls,,보류,
314,★★바른드림커넥션●,바른드림커넥션,★★,협력점,N,O,카카오톡단체방,N,,Y,Y,Y,Y,Y,1,zjsprtus,,활성,
315,★★박명화사장님●,박명화사장님,★★,협력점,N,O,카카오톡단체방,N,,Y,Y,Y,Y,Y,1,qkraudghk,,활성,
316,★★배인섭팀장님●,배인섭팀장님,★★,협력점,N,,카카오톡단체방,,,,,,Y,,1,qodlstjq,,보류,
317,★★비교의힘●,비교의힘,★★,협력점,N,X,카카오톡단체방,Y,,N,N,N,Y,N,1,qlrydmlgla,,활성,
318,★★비엘온라인●,비엘온라인,★★,협력점,N,X,카카오톡단체방,Y,,N,N,N,Y,N,1,qldpfdhsfkdls,,활성,
319,★★비전코퍼레이션(JB김종찬)○,비전코퍼레이션(JB김종찬)○,★★,협력점,N,X,카카오톡단체방,Y,,N,N,N,Y,N,1,rlawhdcks,,활성,
320,★★비즈메이트○,비즈메이트○,★★,협력점,N,O,카카오톡단체방,N,,Y,Y,Y,Y,Y,1,qlwmapdlxm,010-2669-1116,활성,
321,★★비즈앤컴●,비즈앤컴,★★,협력점,N,O,카카오톡단체방,N,,Y,Y,Y,Y,Y,1,qlwmdoszja,,활성,
322,★★빅워크솔루션●,빅워크솔루션,★★,협력점,N,O,카카오톡단체방,N,,Y,Y,Y,Y,Y,1,qlrdnjzm,010-3299-3009,활성,
323,★★빌리고●,빌리고,★★,협력점,N,?,카카오톡단체방,,,,,,Y,,1,qlfflrh,,보류,
324,★★사만당●,사만당,★★,협력점,N,O,카카오톡단체방,N,,Y,Y,Y,Y,Y,1,tkaksekd,,활성,
325,★★삼대정보통신●,삼대정보통신,★★,협력점,N,O,카카오톡단체방,N,,Y,Y,Y,Y,Y,1,tkaeowjdqh,,활성,
326,★★삼성정보통신●,삼성정보통신,★★,협력점,N,X,카카오톡단체방,Y,,N,N,N,Y,N,1,tkatjdwjdqh,,활성,
327,★★새용마●,새용마,★★,협력점,N,X,카카오톡단체방,Y,,N,N,N,Y,N,1,todydak,01024221422,활성,
328,★★서울모바일○,서울모바일○,★★,협력점,N,O,카카오톡단체방,N,,Y,Y,Y,Y,Y,1,tjdnfahqkdlf,010-2920-1116,활성,
329,★★서울통신(평생정보)●,서울통신(평생정보),★★,협력점,N,X,카카오톡단체방,Y,,N,N,N,Y,N,1,seoul88,,활성,
330,★★선길현팀장님●,선길현팀장님,★★,협력점,N,O,카카오톡단체방,N,,Y,Y,Y,Y,Y,1,tjsrlfgus,,활성,
331,★★성지당●,성지당,★★,협력점,N,O,카카오톡단체방,N,,Y,Y,Y,Y,Y,1,tjdwlekd,,활성,
332,★★세웅통신●,세웅통신,★★,협력점,N,X,카카오톡단체방,Y,,N,N,N,Y,N,1,todnd,1,활성,
333,★★소은(오프라인)●,소은(오프라인),★★,협력점,N,X,카카오톡단체방,Y,,N,N,N,Y,N,1,ehaovhs,,활성,
334,★★신대원사장님●,신대원사장님,★★,협력점,N,,카카오톡단체방,,,,,,Y,,1,tlseodnjs,,보류,
335,★★씨에스컴퍼니○,씨에스컴퍼니○,★★,협력점,N,,카카오톡단체방,,,,,,Y,,1,cscompany,,보류,
336,★★아라(시운)●,아라(시운),★★,협력점,N,X,카카오톡단체방,Y,,N,N,N,Y,N,1,dkfk,010-6899-5965,활성,
337,★★아사모●,아사모,★★,협력점,N,?,카카오톡단체방,,,,,,Y,,1,dktkah,1,보류,
338,★★아우통신●,아우통신,★★,협력점,N,?,카카오톡단체방,,,,,,Y,,1,dkdnxhdtls,,보류,
339,★★아이스토어(황해숙)●,아이스토어(황해숙),★★,협력점,N,O,카카오톡단체방,N,,Y,Y,Y,Y,Y,1,ghkdgPtnr,,활성,
340,★★아이앤피●,아이앤피,★★,협력점,N,X,카카오톡단체방,Y,,N,N,N,Y,N,8,inp0012,,활성,
341,★★아이엔에스정보●,아이엔에스정보,★★,협력점,N,X,카카오톡단체방,Y,,N,N,N,Y,N,1,dpdldpsdptm,,활성,
342,★★아이엠커넥트●,아이엠커넥트,★★,협력점,N,O,카카오톡단체방,N,,Y,Y,Y,Y,Y,1,qkrdlsal,,활성,
343,★★아이오●,아이오,★★,협력점,N,O,카카오톡단체방,N,,Y,Y,Y,Y,Y,2,aio222,,활성,
344,★★아정당○,아정당○,★★,협력점,N,X,카카오톡단체방,Y,,N,N,N,Y,N,84,rladlsrl89,1833-3504,활성,
345,★★알고리즘통신●,알고리즘통신,★★,협력점,N,X,카카오톡단체방,Y,,N,N,N,Y,N,1,dkfrhflwma,010-2448-1502,활성,
346,★★애니(비즈메이트)○,애니(비즈메이트)○,★★,협력점,N,O,카카오톡단체방,N,,Y,Y,Y,Y,Y,1,doslqlwm,,활성,
347,★★애니베스트●,애니베스트,★★,협력점,N,O,카카오톡단체방,N,,Y,Y,Y,Y,Y,3,doslqptmxm,010-8511-5847,활성,
348,★★에스모바일○,에스모바일○,★★,협력점,N,O,카카오톡단체방,N,,Y,Y,Y,Y,Y,1,dptmahqkdlf,010-8999-0551,활성,
349,★★에스지네트워크●,에스지네트워크,★★,협력점,N,O,카카오톡단체방,N,,Y,Y,Y,Y,Y,1,dptmwl,,활성,
350,★★에스컴퍼니●,에스컴퍼니,★★,협력점,N,X,카카오톡단체방,Y,,N,N,N,Y,N,13,scompany2112,,활성,
351,★★에이블(JB)(양정환)○,에이블(JB)(양정환)○,★★,협력점,N,X,카카오톡단체방,Y,,N,N,N,Y,N,1,didwjdghks,,활성,
352,★★에이블(JB)○,에이블(JB)○,★★,협력점,N,X,카카오톡단체방,Y,,N,N,N,Y,N,2,dpdlqmf2,,활성,
353,★★에이스CCTV●,에이스CCTV,★★,협력점,N,O,카카오톡단체방,N,,Y,Y,Y,Y,Y,1,dpdltm,,활성,
354,★★엘케이통신●,엘케이통신,★★,협력점,N,O,카카오톡단체방,N,,Y,Y,Y,Y,Y,1,dpfzpdlxhdtls,,활성,
355,★★엘티에스●,엘티에스,★★,협력점,N,?,카카오톡단체방,,,,,,Y,,1,dpfxldptm,,보류,
356,★★엠투엠(우사인)●,엠투엠(우사인),★★,협력점,N,X,카카오톡단체방,Y,,N,N,N,Y,N,5,DNTKDLS33,,활성,
357,★★여기서●,여기서,★★,협력점,N,O,카카오톡단체방,N,,Y,Y,Y,Y,Y,1,durltj,,활성,
358,★★영선팀장님●,영선팀장님,★★,협력점,N,O,카카오톡단체방,N,,Y,Y,Y,Y,Y,1,dudtjs,,활성,
359,★★영자통신●,영자통신,★★,협력점,N,X,카카오톡단체방,Y,,N,N,N,Y,N,1,dudwk,010-2932-5904,활성,
360,★★예온정보통신●,예온정보통신,★★,협력점,N,X,카카오톡단체방,Y,,N,N,N,Y,N,1,dPdhswjdqh,010-4250-1592,활성,
361,★★오픈통신●,오픈통신,★★,협력점,N,?,카카오톡단체방,,,,,,Y,,1,dhvmsxhdtls,,보류,
362,★★우승호팀장님●,우승호팀장님,★★,협력점,N,O,카카오톡단체방,N,,Y,Y,Y,Y,Y,1,dntmdgh,,활성,
363,★★원원●,원원,★★,협력점,N,O,카카오톡단체방,N,,Y,Y,Y,Y,Y,6,dnjsdnjs5,,활성,
364,★★웨이팅●,웨이팅,★★,협력점,N,O,카카오톡단체방,N,,Y,Y,Y,Y,Y,1,dnpdlxld,,활성,
365,★★위즈통신(대산)●,위즈통신(대산),★★,협력점,N,X,카카오톡단체방,Y,,N,N,N,Y,N,2,dnlwm,010-8949-2797,활성,
366,★★윈업파트너스●,윈업파트너스,★★,협력점,N,,카카오톡단체방,,,,,,Y,,1,dnlsdjq123,,보류,
367,★★윈윈컴퍼니○,윈윈컴퍼니○,★★,협력점,N,O,카카오톡단체방,N,,Y,Y,Y,Y,Y,1,dnlsdnlszjavj,,활성,
368,★★유경민사장님●,유경민사장님,★★,협력점,N,O,카카오톡단체방,N,,Y,Y,Y,Y,Y,1,dbrudals,,활성,
369,★★유비티즌●,유비티즌,★★,협력점,N,X,카카오톡단체방,Y,,N,N,N,Y,N,1,dbqlxlwms,,활성,
370,★★유아이통신●,유아이통신,★★,협력점,N,,카카오톡단체방,,,,,,Y,,4,yaiiii002,,보류,
371,★★유에스그룹●,유에스그룹,★★,협력점,N,O,카카오톡단체방,N,,Y,Y,Y,Y,Y,1,dbdptm,,활성,
372,★★유주컴퍼니(비교원)○,유주컴퍼니(비교원)○,★★,협력점,N,,카카오톡단체방,,,,,,Y,,1,dbwn,,보류,
373,★★유피통신○,유피통신○,★★,협력점,N,,카카오톡단체방,,,,,,Y,,1,UP0001,,보류,
374,★★유픽●,유픽,★★,협력점,N,X,카카오톡단체방,Y,,N,N,N,Y,N,3,dbvlr2,,활성,
375,★★윤성렌탈●,윤성렌탈,★★,협력점,N,O,카카오톡단체방,N,,Y,Y,Y,Y,Y,1,dbstjdfpsxkf,,활성,
376,★★은결컴퍼니●,은결컴퍼니,★★,협력점,N,X,카카오톡단체방,Y,,N,N,N,Y,N,2,dmsrufsky,,활성,
377,★★이미경팀장님●,이미경팀장님,★★,협력점,N,O,카카오톡단체방,N,,Y,Y,Y,Y,Y,1,dlalrud,,활성,
378,★★이알에프●,이알에프,★★,협력점,N,?,카카오톡단체방,,,,,,Y,,1,dldkfdpvm,,보류,
379,★★이행우사장님●,이행우사장님,★★,협력점,N,O,카카오톡단체방,N,,Y,Y,Y,Y,Y,1,dlgoddn,,활성,
380,★★인가남(엔터통신)●,인가남(엔터통신),★★,협력점,N,X,카카오톡단체방,Y,,N,N,N,Y,N,1,dlsrkska,,활성,
381,★★인가업●,인가업,★★,협력점,N,X,카카오톡단체방,Y,,N,N,N,Y,N,19,wnqkf2,01029499207,활성,
382,★★인싸통신●,인싸통신,★★,협력점,N,?,카카오톡단체방,,,,,,Y,,1,dlsTkxhdtls,,보류,
383,★★인터넷은●,인터넷은,★★,협력점,N,?,카카오톡단체방,,,,,,Y,,1,dlsxjsptdms,,보류,
384,★★인터넷톡톡●,인터넷톡톡,★★,협력점,N,X,카카오톡단체방,Y,,N,N,N,Y,N,2,xhrxhr2,,활성,
385,★★임재용팀장님●,임재용팀장님,★★,협력점,N,,카카오톡단체방,,,,,,Y,,1,dlawodyd,,보류,
386,★★잇고●,잇고,★★,협력점,N,X,카카오톡단체방,Y,,N,N,N,Y,N,1,itgo,,활성,
387,★★잇다통신○,잇다통신○,★★,협력점,N,O,카카오톡단체방,N,,Y,Y,Y,Y,Y,1,itda01,,활성,
388,★★자이언트정보●,자이언트정보,★★,협력점,N,?,카카오톡단체방,,,,,,Y,,1,wkdldjsxm,1,보류,
389,★★장경선팀장님●,장경선팀장님,★★,협력점,N,O,카카오톡단체방,N,,Y,Y,Y,Y,Y,1,wkdrudtjs,,활성,
390,★★장군통신●,장군통신,★★,협력점,N,?,카카오톡단체방,,,,,,Y,,1,wkdrnsxhdtls,,보류,
391,★★장현주팀장님●,장현주팀장님,★★,협력점,N,O,카카오톡단체방,N,,Y,Y,Y,Y,Y,1,wkdguswn,,활성,
392,★★전영식팀장님●,전영식팀장님,★★,협력점,N,O,카카오톡단체방,N,,Y,Y,Y,Y,Y,1,wjsdudtlr,,활성,
393,★★정석네트웍스○,정석네트웍스○,★★,협력점,N,O,카카오톡단체방,N,,Y,Y,Y,Y,Y,2,kjy8692,,활성,
394,★★정선●,정선,★★,협력점,N,?,카카오톡단체방,,,,,,Y,,1,wjdtjs,,보류,
395,★★정의훈사장님○,정의훈사장님○,★★,협력점,N,?,카카오톡단체방,,,,,,Y,,1,wjddmlgns,,보류,
396,★★제이에스통신(정수통신)○,제이에스통신(정수통신)○,★★,협력점,N,O,카카오톡단체방,N,,Y,Y,Y,Y,Y,1,wjdtnxhdtls,010-6643-7499,활성,
397,★★제이지컴퍼니●,제이지컴퍼니,★★,협력점,N,?,카카오톡단체방,,,,,,Y,,1,wpdlwlzjavjsl,,보류,
398,★★주종훈●,주종훈,★★,협력점,N,O,카카오톡단체방,N,,Y,Y,Y,Y,Y,1,wnwhdgns,,활성,
399,★★주한미군(이희훈)○,주한미군(이희훈)○,★★,협력점,N,O,카카오톡단체방,N,,Y,Y,Y,Y,Y,1,wngksalrns,,활성,
400,★★중앙정보통신○,중앙정보통신○,★★,협력점,N,X,카카오톡단체방,Y,,N,N,N,Y,N,1,wnddkdwjdqh,,활성,
401,★★지성통신●,지성통신,★★,협력점,N,X,카카오톡단체방,Y,,N,N,N,Y,N,1,wltjdxhdtls,,활성,
402,★★천일통신천안●,천일통신천안,★★,협력점,N,?,카카오톡단체방,,,,,,Y,,1,cjsdjrxhdtls,,보류,
403,★★청춘(우경환)○,청춘(우경환)○,★★,협력점,N,,카카오톡단체방,,,,,,Y,,1,dnrudghks,,보류,
404,★★청춘텔레콤○,청춘텔레콤○,★★,협력점,N,O,카카오톡단체방,N,,Y,Y,Y,Y,Y,1,cjdcnsxpffpzha,010-7712-6031,활성,
405,★★최주화팀장님●,최주화팀장님,★★,협력점,N,O,카카오톡단체방,N,,Y,Y,Y,Y,Y,1,chlwnghk,,활성,
406,★★카페아미가○,카페아미가○,★★,협력점,N,X,카카오톡단체방,Y,,N,N,N,Y,N,1,zkvpdkalrk,,활성,
407,★★케이스타●,케이스타,★★,협력점,N,?,카카오톡단체방,,,,,,Y,,1,zpdltmxk,,보류,
408,★★케이정보통신●,케이정보통신,★★,협력점,N,,카카오톡단체방,,,,,,Y,,1,kinfo,,보류,
409,★★콜라보●,콜라보,★★,협력점,N,X,카카오톡단체방,Y,,N,N,N,Y,N,1,zhffkqh,15996584,활성,
410,★★쿨키즈●,쿨키즈,★★,협력점,N,?,카카오톡단체방,,,,,,Y,,1,coolkids,,보류,
411,★★큐커머스●,큐커머스,★★,협력점,N,?,카카오톡단체방,,,,,,Y,,1,zbzjajtm,,보류,
412,★★탑아이티○,탑아이티○,★★,협력점,N,?,카카오톡단체방,,,,,,Y,,1,xkqdkdlxl,,보류,
413,★★태우통신●,태우통신,★★,협력점,N,?,카카오톡단체방,,,,,,Y,,1,tw2011,,보류,
414,★★테라넷●,테라넷,★★,협력점,N,X,카카오톡단체방,Y,,N,N,N,Y,N,1,xpfkspt,,활성,
415,★★테라소셜리네트워크●,테라소셜리네트워크,★★,협력점,N,O,카카오톡단체방,N,,Y,Y,Y,Y,Y,1,xpfkthtuf,,활성,
416,★★통신25○,통신25○,★★,협력점,N,O,카카오톡단체방,N,,Y,Y,Y,Y,Y,1,xhdtls25,,활성,
417,★★통신모두●,통신모두,★★,협력점,N,O,카카오톡단체방,N,,Y,Y,Y,Y,Y,1,xhdtlsahen,010-6609-8474,활성,
418,★★통신백과●,통신백과,★★,협력점,N,X,카카오톡단체방,Y,,N,N,N,Y,N,1,xhdtlsqorrhk,1599-6734,활성,
419,★★통크넷○,통크넷○,★★,협력점,N,O,카카오톡단체방,N,,Y,Y,Y,Y,Y,1,cool001,,활성,
420,★★통통네트웍스●,통통네트웍스,★★,협력점,N,O,카카오톡단체방,N,,Y,Y,Y,Y,Y,1,xhdxhd,,활성,
421,★★투제이시스템(우리가족)●,투제이시스템(우리가족),★★,협력점,N,X,카카오톡단체방,Y,,N,N,N,Y,N,1,dnflrkwhr,,활성,
422,★★티에스모바일○,티에스모바일○,★★,협력점,N,X,카카오톡단체방,Y,,N,N,N,Y,N,1,xldptmahqkdlf,01033550036,활성,
423,★★티에스씨씨(만원더)○,티에스씨씨(만원더)○,★★,협력점,N,?,카카오톡단체방,,,,,,Y,,1,tscc,,보류,
424,★★파워전기통신●,파워전기통신,★★,협력점,N,X,카카오톡단체방,Y,,N,N,N,Y,N,1,seorin,02-1600-7187,활성,
425,★★파워통신●,파워통신,★★,협력점,N,O,카카오톡단체방,N,,Y,Y,Y,Y,Y,1,vkdnjxhdtls,010-6689-9887,활성,
426,★★평생정보통신(서울통신)●,평생정보통신(서울통신),★★,협력점,N,X,카카오톡단체방,Y,,N,N,N,Y,N,1,vudtodwjdqh,,활성,
427,★★포유컴퍼니●,포유컴퍼니,★★,협력점,N,?,카카오톡단체방,,,,,,Y,,1,vhdbzjavjsl,,보류,
428,★★플로넷(인사이트)●,플로넷(인사이트),★★,협력점,N,,카카오톡단체방,,,,,,Y,,1,insite,010-8761-0625,보류,
429,★★피지(케이제이)●,피지(케이제이),★★,협력점,N,O,카카오톡단체방,N,,Y,Y,Y,Y,Y,1,vlwl,,활성,
430,★★한빛통신○,한빛통신○,★★,협력점,N,,카카오톡단체방,,,,,,Y,,1,hanvit,,보류,
431,★★한상정사장님●,한상정사장님,★★,협력점,N,,카카오톡단체방,,,,,,Y,,1,gkstkdwjd,,보류,
432,★★한수위통신●,한수위통신,★★,협력점,N,O,카카오톡단체방,N,,Y,Y,Y,Y,Y,1,hansoowee0,,활성,
433,★★호강정보통신○,호강정보통신○,★★,협력점,N,O,카카오톡단체방,N,,Y,Y,Y,Y,Y,1,ghrkdwjdqh,,활성,
434,★★호두텔레콤○,호두텔레콤○,★★,협력점,N,O,카카오톡단체방,N,,Y,Y,Y,Y,Y,1,ghenxpffpzha,010-6666-1440,활성,
435,★★휴본●,휴본,★★,협력점,N,X,카카오톡단체방,Y,,N,N,N,Y,N,1,gbqhs,,활성,
436,★★휴이넘코리아●,휴이넘코리아,★★,협력점,N,O,카카오톡단체방,N,,Y,Y,Y,Y,Y,1,gbdlsja,,활성,
437,★★힐링통신●,힐링통신,★★,협력점,N,O,카카오톡단체방,N,,Y,Y,Y,Y,Y,1,glffldxhdtls,,활성,
438,★그린파머(KT라인)●,그린파머(KT라인),★,협력점,N,X,카카오톡단체방,Y,,N,N,N,Y,N,1,ktfkdls,,활성,
439,★넷코리아●,넷코리아,★,협력점,N,X,카카오톡단체방,Y,,N,N,N,Y,N,1,sptzhfldk,053-421-0215,활성,
440,★넷플러스컴퍼니●,넷플러스컴퍼니,★,협력점,N,?,카카오톡단체방,,,,,,Y,,1,sptvmffjtm,,보류,
441,★다드림○,다드림○,★,협력점,N,X,카카오톡단체방,Y,,N,N,N,Y,N,2,dadream1,,활성,
442,★라인애드●,라인애드,★,협력점,N,X,카카오톡단체방,Y,,N,N,N,Y,N,1,fkdlsdoem,1644-0371,활성,
443,★반월텔레콤●,반월텔레콤,★,협력점,N,X,카카오톡단체방,Y,,N,N,N,Y,N,1,qksdnjfxpffp,053-424-1498,활성,
444,★백메가2○,백메가2○,★,협력점,N,X,카카오톡단체방,Y,,N,N,N,Y,N,1,qoraprk2,,활성,
445,★백메가○,백메가○,★,협력점,N,X,카카오톡단체방,Y,,N,N,N,Y,N,1,qoraprk,,활성,
446,★성림(마운틴)●,성림(마운틴),★,협력점,N,X,카카오톡단체방,Y,,N,N,N,Y,N,1,tjdfla,,활성,
447,★세명정보통신●,세명정보통신,★,협력점,N,O,카카오톡단체방,N,,Y,Y,Y,Y,Y,1,tpwjdwjdqh,,활성,
448,★송림정보통신○,송림정보통신○,★,협력점,N,O,카카오톡단체방,N,,Y,Y,Y,Y,Y,1,thdflawjdqh,,활성,
449,★스마트다올●,스마트다올,★,협력점,N,X,카카오톡단체방,Y,,N,N,N,Y,N,1,rktvmf,,활성,
450,★스카이네트웍스●,스카이네트웍스,★,협력점,N,O,카카오톡단체방,N,,Y,Y,Y,Y,Y,1,tmzkdlspxm,,활성,
451,★스피드통신(익산)○,스피드통신(익산)○,★,협력점,N,,카카오톡단체방,,,,,,Y,,1,speed0124,,보류,
452,★스피드통신●,스피드통신,★,협력점,N,X,카카오톡단체방,Y,,N,N,N,Y,N,1,tmvlemxhdtls,,활성,
453,★씨엘텔레콤○,씨엘텔레콤○,★,협력점,N,X,카카오톡단체방,Y,,N,N,N,Y,N,1,Tldpfxpffpzha,,활성,
454,★아신소프트●,아신소프트,★,협력점,N,?,카카오톡단체방,,,,,,Y,,1,dktls,,보류,
455,★아이티엘(오백메가)●,아이티엘(오백메가),★,협력점,N,O,카카오톡단체방,N,,Y,Y,Y,Y,Y,1,dhqoraprk,,활성,
456,★아진정보통신●,아진정보통신,★,협력점,N,X,카카오톡단체방,Y,,N,N,N,Y,N,17,dkwls,010-2997-7788,활성,
457,★알오케이비(좋은하루)●,알오케이비(좋은하루),★,협력점,N,O,카카오톡단체방,N,,Y,Y,Y,Y,Y,1,whgdmsgkfn,010-5573-2232,활성,
458,★엠제이통신○,엠제이통신○,★,협력점,N,X,카카오톡단체방,Y,,N,N,N,Y,N,1,dpawpdlxhdtls,,활성,
459,★위너스네트워크●,위너스네트워크,★,협력점,N,O,카카오톡단체방,N,,Y,Y,Y,Y,Y,1,dnlsjtm,,활성,
460,★위드컴퍼니(도매)●,위드컴퍼니(도매),★,협력점,N,X,카카오톡단체방,Y,,N,N,N,Y,N,1,dnlemzjavjsl1,,활성,
461,★위드컴퍼니(소매)○,위드컴퍼니(소매)○,★,협력점,N,X,카카오톡단체방,Y,,N,N,N,Y,N,1,dnlemzjavjsl2,,활성,
462,★제이엠비즈●,제이엠비즈,★,협력점,N,X,카카오톡단체방,Y,,N,N,N,Y,N,1,wpdldpaqlwm,,활성,
463,★제이투케이(엠에스정보통신)●,제이투케이(엠에스정보통신),★,협력점,N,O,카카오톡단체방,N,,Y,Y,Y,Y,Y,1,dpadptm,,활성,
464,★제일씨앤씨○,제일씨앤씨○,★,협력점,N,X,카카오톡단체방,Y,,N,N,N,Y,N,1,wpdlf,,활성,
465,★지엠컴퍼니●,지엠컴퍼니,★,협력점,N,X,카카오톡단체방,Y,,N,N,N,Y,N,1,wldpazjavjsl,041-903-6170,활성,
466,★찾통,찾통,★,협력점,N,,카카오톡단체방,,,,,,Y,,1,dlehdwh,010-9772-4418,보류,
467,★채움에스앤엘○,채움에스앤엘○,★,협력점,N,X,카카오톡단체방,Y,,N,N,N,Y,N,1,codnadptmdos,02-461-4711,활성,
468,★큐스코●,큐스코,★,협력점,N,,카카오톡단체방,,,,,,Y,,1,zbtmzh,,보류,
469,★타임●,타임,★,협력점,N,X,카카오톡단체방,Y,,N,N,N,Y,N,1,xkdla,,활성,
470,★토리(국대)●,토리(국대),★,협력점,N,X,카카오톡단체방,Y,,N,N,N,Y,N,1,xhflrnreo,010-9806-7576,활성,
471,★티에스피씨●,티에스피씨,★,협력점,N,X,카카오톡단체방,Y,,N,N,N,Y,N,1,xldptmvlTl,010-3550-0910,활성,
472,★플라츠◎,플라츠◎,★,협력점,N,X,카카오톡단체방,Y,,N,N,N,Y,N,1,vmffkcm,010-5841-1111,활성,
473,★피지아이티에스●,피지아이티에스,★,협력점,N,X,카카오톡단체방,Y,,N,N,N,Y,N,1,pgits,,활성,
474,★한통●,한통,★,협력점,N,O,카카오톡단체방,N,,Y,Y,Y,Y,Y,1,gksxhd,,활성,
475,★해드림(YK프리존)○,해드림(YK프리존)○,★,협력점,N,X,카카오톡단체방,Y,,N,N,N,Y,N,1,goemfla,,활성,
476,☆☆삼쩜삼,삼쩜삼,☆☆,협력점,N,,카카오톡단체방,,,,,,Y,,1,tkawjatka,,보류,
477,☆☆소중함인사이트○,소중함인사이트○,☆☆,협력점,N,,카카오톡단체방,,,,,,Y,,1,thwndgka,,보류,
478,☆☆와이즐리○,와이즐리○,☆☆,협력점,N,O,카카오톡단체방,N,,Y,Y,Y,Y,Y,1,dhkdlwmffl,,활성,
479,☆☆우신현장영업(명웅)○,우신현장영업(명웅)○,☆☆,협력점,N,,카카오톡단체방,,,,,,Y,,1,auddnd,,보류,
480,☆☆천성호차장○,천성호차장○,☆☆,협력점,N,O,카카오톡단체방,N,,Y,Y,Y,Y,Y,1,cjstjdgh,010-6751-0099,활성,
481,☆☆크레소티○,크레소티○,☆☆,협력점,N,,카카오톡단체방,,,,,,Y,,1,zmfpthxl,,보류,
482,☆티코디●,티코디,☆,협력점,N,X,카카오톡단체방,Y,,N,N,N,Y,N,1,xlzhel,,활성,
